               epoch,      train/box_loss,      train/obj_loss,      train/cls_loss,   metrics/precision,      metrics/recall,     metrics/mAP_0.5,metrics/mAP_0.5:0.95,        val/box_loss,        val/obj_loss,        val/cls_loss,               x/lr0,               x/lr1,               x/lr2
                   0,             0.10185,            0.023719,            0.048565,          0.00053656,               0.116,          0.00038334,          0.00011971,            0.085264,            0.013148,            0.042859,             0.07075,             0.00325,             0.00325
                   1,            0.087939,            0.025273,            0.043078,          0.00093109,             0.20199,          0.00069689,          0.00018636,            0.078903,            0.013023,            0.040316,            0.040728,           0.0065616,           0.0065616
                   2,            0.085103,            0.024938,            0.039556,           0.0074661,             0.10732,           0.0049207,           0.0016442,             0.09935,            0.041679,            0.067373,            0.010685,           0.0098512,           0.0098512
                   3,            0.084998,            0.025814,            0.036944,             0.33528,             0.01766,           0.0011976,          0.00030943,             0.11475,            0.031677,             0.12365,            0.009901,            0.009901,            0.009901
                   4,            0.084267,            0.024805,            0.033639,             0.34825,             0.02649,           0.0082019,           0.0019276,            0.089345,            0.012584,            0.056476,            0.009901,            0.009901,            0.009901
                   5,            0.083718,            0.026217,            0.031493,             0.68296,            0.011038,           0.0057831,           0.0010511,            0.084269,            0.011479,            0.036764,            0.009868,            0.009868,            0.009868
                   6,            0.082537,            0.026033,            0.029923,             0.73301,            0.015453,            0.011126,           0.0031209,            0.078542,             0.01232,            0.029449,            0.009835,            0.009835,            0.009835
                   7,             0.08079,            0.026604,            0.027233,              0.6775,            0.055188,           0.0074657,           0.0018125,            0.075641,             0.01317,            0.028751,            0.009802,            0.009802,            0.009802
                   8,            0.081557,            0.027389,            0.026547,             0.68456,             0.02649,             0.01083,           0.0021091,            0.074981,            0.012807,            0.028883,            0.009769,            0.009769,            0.009769
                   9,            0.078433,            0.026773,            0.025097,             0.37897,             0.12141,            0.045378,           0.0091311,            0.067108,            0.013802,            0.026345,            0.009736,            0.009736,            0.009736
                  10,            0.078363,            0.027604,            0.023308,             0.34674,            0.030905,           0.0041974,          0.00077503,             0.07989,             0.01112,            0.030728,            0.009703,            0.009703,            0.009703
                  11,            0.075944,            0.028356,            0.021784,             0.34934,            0.090508,            0.011296,           0.0024462,            0.069314,            0.013529,            0.023172,             0.00967,             0.00967,             0.00967
                  12,            0.075641,            0.027802,            0.021783,             0.36517,            0.030905,            0.012856,           0.0034373,            0.074146,            0.013135,            0.029584,            0.009637,            0.009637,            0.009637
                  13,            0.072338,             0.02704,            0.019182,             0.39318,            0.068433,            0.044143,             0.01138,            0.069377,            0.014502,            0.024625,            0.009604,            0.009604,            0.009604
                  14,            0.074694,            0.027801,            0.020339,             0.36315,            0.064018,            0.026168,           0.0069376,            0.067873,            0.015938,            0.025871,            0.009571,            0.009571,            0.009571
                  15,            0.069427,            0.028043,            0.018801,             0.34505,            0.028698,           0.0091035,           0.0022993,            0.070991,            0.020631,            0.022133,            0.009538,            0.009538,            0.009538
                  16,            0.070236,            0.028341,            0.017703,              0.7206,             0.16998,             0.07814,            0.021085,            0.062776,            0.014666,            0.021193,            0.009505,            0.009505,            0.009505
                  17,            0.069963,            0.027964,            0.017592,             0.40447,             0.18147,            0.056128,             0.01655,            0.063164,            0.014002,            0.026267,            0.009472,            0.009472,            0.009472
                  18,            0.066967,            0.028142,            0.016999,            0.067218,            0.090659,            0.036382,           0.0084175,            0.071603,            0.015673,            0.027251,            0.009439,            0.009439,            0.009439
                  19,            0.066319,            0.028489,            0.016957,             0.77026,             0.16998,             0.10348,            0.031284,            0.064101,            0.013465,            0.023876,            0.009406,            0.009406,            0.009406
                  20,            0.066868,            0.027868,            0.016198,             0.41971,             0.12834,            0.052058,            0.013966,             0.06832,            0.013247,            0.023922,            0.009373,            0.009373,            0.009373
                  21,            0.065102,             0.02859,            0.016066,             0.37431,             0.10596,            0.046701,            0.011694,             0.07049,            0.013005,             0.02717,             0.00934,             0.00934,             0.00934
                  22,            0.063456,            0.028188,            0.013752,             0.78159,             0.10375,              0.1098,            0.029168,            0.061695,            0.014669,            0.020173,            0.009307,            0.009307,            0.009307
                  23,            0.064013,            0.027898,            0.014012,             0.46184,             0.17058,             0.08468,            0.024111,            0.062812,            0.013902,            0.020226,            0.009274,            0.009274,            0.009274
                  24,            0.060716,            0.026314,            0.014352,             0.44709,             0.22622,             0.10732,            0.029832,            0.059641,            0.015284,            0.021716,            0.009241,            0.009241,            0.009241
                  25,             0.06384,            0.027397,            0.014239,              0.4664,             0.27585,            0.095958,            0.025352,            0.059575,            0.014934,            0.023253,            0.009208,            0.009208,            0.009208
                  26,            0.063354,            0.028338,            0.014547,             0.52538,             0.24388,             0.18347,            0.049727,            0.059481,            0.015747,            0.020936,            0.009175,            0.009175,            0.009175
                  27,             0.06145,            0.027835,            0.013818,             0.47053,             0.15011,             0.13673,            0.035993,            0.060105,            0.013031,            0.021619,            0.009142,            0.009142,            0.009142
                  28,            0.062948,            0.027836,            0.014118,             0.49921,             0.17273,              0.1391,            0.045452,            0.058998,             0.01301,            0.022457,            0.009109,            0.009109,            0.009109
                  29,            0.060126,             0.02811,            0.012401,             0.46504,             0.15985,             0.13387,            0.035155,             0.06033,            0.016435,            0.022712,            0.009076,            0.009076,            0.009076
                  30,            0.059209,            0.027483,            0.014469,             0.43575,             0.13747,            0.043292,            0.011884,             0.06694,            0.017495,            0.024827,            0.009043,            0.009043,            0.009043
                  31,            0.058423,            0.027007,            0.012989,             0.43886,             0.28292,             0.13172,            0.039023,            0.061069,            0.017671,            0.024824,             0.00901,             0.00901,             0.00901
                  32,            0.059224,            0.026107,            0.013776,             0.48077,             0.25096,             0.11194,             0.04213,            0.067269,            0.016469,            0.034658,            0.008977,            0.008977,            0.008977
                  33,            0.059936,            0.025475,            0.014254,             0.78311,             0.20751,             0.13417,            0.039484,            0.060767,            0.015575,            0.025335,            0.008944,            0.008944,            0.008944
                  34,            0.059556,            0.027534,            0.013867,             0.47592,             0.21915,             0.12036,             0.03407,            0.060144,            0.013299,            0.020418,            0.008911,            0.008911,            0.008911
                  35,            0.060006,            0.026119,            0.012408,             0.54133,             0.26641,             0.20664,            0.074364,            0.058252,            0.015195,            0.020056,            0.008878,            0.008878,            0.008878
                  36,             0.05867,             0.02667,            0.015239,             0.62716,             0.24691,             0.23739,            0.084563,            0.057588,            0.013317,            0.019479,            0.008845,            0.008845,            0.008845
                  37,             0.05863,             0.02642,             0.01259,             0.73033,             0.25401,             0.23455,            0.095118,            0.058155,            0.013116,            0.020935,            0.008812,            0.008812,            0.008812
                  38,            0.057774,            0.026298,            0.012126,             0.61053,             0.25873,              0.2604,             0.10862,            0.057546,            0.016175,            0.020796,            0.008779,            0.008779,            0.008779
                  39,            0.058734,            0.026398,            0.014529,             0.47654,             0.22151,             0.10654,            0.033885,            0.065236,             0.01481,            0.032567,            0.008746,            0.008746,            0.008746
                  40,            0.055853,            0.026747,            0.012782,             0.65041,             0.29321,             0.25992,             0.10609,            0.055254,            0.013154,            0.019099,            0.008713,            0.008713,            0.008713
                  41,            0.056261,            0.026211,            0.012053,             0.57546,             0.30645,             0.25674,            0.082877,            0.057512,            0.012859,            0.018599,             0.00868,             0.00868,             0.00868
                  42,            0.056603,            0.026448,            0.012508,             0.61678,             0.33079,             0.29126,             0.11072,            0.054287,            0.013182,            0.019946,            0.008647,            0.008647,            0.008647
                  43,            0.056905,            0.025044,            0.014386,             0.58235,             0.20545,             0.17246,            0.062046,            0.057696,            0.012495,            0.025892,            0.008614,            0.008614,            0.008614
                  44,            0.056441,            0.025941,            0.012036,             0.57856,             0.27585,             0.22418,            0.078258,            0.056896,            0.012427,            0.020383,            0.008581,            0.008581,            0.008581
                  45,            0.055581,            0.025419,            0.012636,             0.58972,             0.29853,             0.27186,             0.10235,            0.054804,            0.012519,            0.019698,            0.008548,            0.008548,            0.008548
                  46,            0.056209,            0.025657,            0.012462,             0.63982,             0.28108,             0.25944,             0.10476,            0.054638,            0.011731,            0.020617,            0.008515,            0.008515,            0.008515
                  47,              0.0571,            0.025877,            0.013021,             0.60649,             0.33249,             0.28465,             0.10666,            0.056768,             0.01218,            0.021058,            0.008482,            0.008482,            0.008482
                  48,            0.055583,            0.025679,            0.012488,             0.59179,             0.32707,             0.27252,             0.11779,            0.052536,            0.011982,            0.018868,            0.008449,            0.008449,            0.008449
                  49,            0.054446,            0.025379,            0.012181,             0.64591,             0.34665,             0.30987,             0.13026,            0.051954,            0.013252,            0.019261,            0.008416,            0.008416,            0.008416
                  50,            0.054694,            0.024459,            0.014049,             0.68118,             0.26925,             0.28482,             0.11295,            0.054139,            0.012777,            0.018713,            0.008383,            0.008383,            0.008383
                  51,            0.054298,            0.024292,            0.011711,             0.66111,             0.35559,             0.33322,             0.14892,            0.053561,            0.011841,            0.017126,             0.00835,             0.00835,             0.00835
                  52,             0.05267,             0.02502,            0.012126,             0.65897,             0.30364,             0.31229,             0.13569,            0.050802,            0.012587,            0.015971,            0.008317,            0.008317,            0.008317
                  53,            0.053093,            0.024481,            0.011472,             0.63675,             0.35873,             0.31046,             0.12757,            0.050898,            0.011854,            0.018306,            0.008284,            0.008284,            0.008284
                  54,            0.053506,            0.024824,            0.012725,             0.60085,             0.31167,              0.2764,             0.10727,            0.050779,            0.011699,            0.017442,            0.008251,            0.008251,            0.008251
                  55,            0.052397,            0.024717,             0.01064,             0.61105,             0.24344,             0.25699,             0.11736,            0.056765,            0.012498,             0.01968,            0.008218,            0.008218,            0.008218
                  56,            0.051778,            0.024556,            0.012271,             0.65178,             0.35813,              0.3503,             0.16125,            0.050243,            0.011231,            0.017225,            0.008185,            0.008185,            0.008185
                  57,            0.051723,            0.025223,            0.011023,             0.72082,              0.3738,             0.37255,             0.17091,            0.050713,            0.010773,            0.016623,            0.008152,            0.008152,            0.008152
                  58,            0.051662,            0.023257,            0.012027,             0.69226,             0.41232,             0.40586,             0.18443,            0.050199,            0.011044,            0.016678,            0.008119,            0.008119,            0.008119
                  59,            0.051862,            0.024033,           0.0099222,             0.67488,             0.39291,             0.37664,              0.1567,            0.049702,             0.01152,            0.016905,            0.008086,            0.008086,            0.008086
                  60,             0.05207,            0.024282,             0.01024,             0.72581,             0.39747,             0.37132,             0.18555,            0.049814,             0.01072,            0.018534,            0.008053,            0.008053,            0.008053
                  61,            0.051912,            0.024143,           0.0096594,             0.65995,             0.32517,             0.33557,             0.14012,            0.051085,            0.010787,            0.018414,             0.00802,             0.00802,             0.00802
                  62,            0.051505,            0.024332,            0.010027,             0.68917,             0.36817,              0.3819,             0.18724,            0.047087,            0.011172,            0.017694,            0.007987,            0.007987,            0.007987
                  63,            0.051357,            0.023282,            0.010911,             0.63824,             0.34473,             0.32331,             0.17081,            0.048122,            0.011208,            0.017051,            0.007954,            0.007954,            0.007954
                  64,            0.049622,            0.024235,           0.0090361,              0.6574,             0.39047,             0.38906,             0.17394,            0.046384,            0.011771,            0.016584,            0.007921,            0.007921,            0.007921
                  65,            0.048267,            0.022862,           0.0088597,             0.71072,             0.41906,             0.39882,             0.18714,            0.047047,            0.010556,            0.016151,            0.007888,            0.007888,            0.007888
                  66,            0.048463,            0.023075,           0.0092594,             0.73089,             0.40806,             0.38843,             0.18477,            0.048663,            0.011076,            0.017072,            0.007855,            0.007855,            0.007855
                  67,            0.050364,            0.023686,           0.0094653,             0.73592,             0.42738,             0.39911,             0.16861,            0.048171,            0.011536,             0.01672,            0.007822,            0.007822,            0.007822
                  68,            0.048651,            0.023731,           0.0082174,             0.71335,             0.38834,             0.39068,             0.18582,            0.047572,            0.011057,            0.015948,            0.007789,            0.007789,            0.007789
                  69,             0.05105,            0.023328,            0.010756,             0.68966,             0.38685,             0.35968,             0.18168,            0.048911,            0.010676,            0.016598,            0.007756,            0.007756,            0.007756
                  70,            0.049183,            0.023926,            0.011079,             0.66948,             0.36059,             0.34512,             0.16556,            0.051873,            0.011284,            0.020683,            0.007723,            0.007723,            0.007723
                  71,            0.048706,            0.023187,           0.0095247,              0.7534,             0.43325,             0.41263,              0.1887,            0.048772,            0.011171,            0.016561,             0.00769,             0.00769,             0.00769
                  72,            0.048535,            0.023437,            0.010133,             0.68401,             0.31025,             0.32103,             0.16774,            0.052546,            0.011768,            0.021209,            0.007657,            0.007657,            0.007657
                  73,            0.047942,            0.022544,           0.0089238,             0.74534,             0.44067,             0.42684,             0.21854,            0.047922,            0.011166,            0.016501,            0.007624,            0.007624,            0.007624
                  74,            0.047779,             0.02334,             0.00944,             0.75518,             0.38908,             0.41265,             0.20045,            0.045284,            0.010156,            0.017816,            0.007591,            0.007591,            0.007591
                  75,            0.048582,             0.02343,           0.0095409,             0.66086,             0.35136,             0.32619,             0.15193,            0.050677,            0.010872,            0.017607,            0.007558,            0.007558,            0.007558
                  76,            0.048841,            0.023057,           0.0089979,             0.77264,             0.42426,             0.40744,             0.21245,             0.04695,            0.011117,            0.015703,            0.007525,            0.007525,            0.007525
                  77,             0.04741,            0.022091,           0.0094269,             0.72652,             0.44364,             0.39465,             0.20446,            0.048851,            0.010802,            0.015211,            0.007492,            0.007492,            0.007492
                  78,            0.047941,             0.02248,           0.0090599,             0.70211,             0.41261,              0.3796,             0.18789,            0.049188,            0.010779,            0.017374,            0.007459,            0.007459,            0.007459
                  79,            0.049408,            0.023326,           0.0089394,             0.70752,             0.38005,             0.40034,             0.20198,            0.045654,            0.010652,            0.017982,            0.007426,            0.007426,            0.007426
                  80,            0.048048,            0.022627,            0.010838,             0.78863,             0.45845,             0.46266,             0.22845,            0.046355,            0.010489,             0.01633,            0.007393,            0.007393,            0.007393
                  81,            0.048372,            0.022499,           0.0097874,              0.7265,             0.41262,             0.38942,             0.20893,            0.046513,             0.01083,            0.015396,             0.00736,             0.00736,             0.00736
                  82,            0.046236,             0.02133,           0.0096432,             0.79894,             0.38944,             0.40424,             0.20632,            0.047855,            0.010772,            0.015381,            0.007327,            0.007327,            0.007327
                  83,            0.047787,            0.022724,           0.0091496,             0.74351,             0.40745,             0.43027,             0.22879,             0.04437,            0.010492,            0.014671,            0.007294,            0.007294,            0.007294
                  84,            0.047072,            0.021246,           0.0081786,             0.80322,             0.42741,             0.44651,              0.2309,             0.04477,            0.010298,            0.014426,            0.007261,            0.007261,            0.007261
                  85,            0.045692,            0.021881,           0.0084694,             0.74216,             0.43357,             0.42795,             0.23319,            0.045533,            0.010876,             0.01387,            0.007228,            0.007228,            0.007228
                  86,            0.047617,            0.022093,           0.0095859,             0.74969,             0.36756,             0.41992,             0.20347,            0.046796,            0.010874,            0.015815,            0.007195,            0.007195,            0.007195
                  87,            0.045735,            0.022347,           0.0091806,             0.80779,             0.45136,             0.46342,             0.22849,            0.043829,            0.010135,            0.015559,            0.007162,            0.007162,            0.007162
                  88,            0.045313,            0.021105,           0.0081338,             0.81743,             0.47035,             0.46436,             0.23454,            0.042792,            0.010131,            0.015305,            0.007129,            0.007129,            0.007129
                  89,            0.045934,            0.022329,           0.0090067,             0.73107,             0.43089,             0.41276,             0.22904,            0.043936,             0.01005,            0.014815,            0.007096,            0.007096,            0.007096
                  90,            0.045321,            0.021446,           0.0083431,             0.77577,             0.44283,             0.43979,             0.22241,            0.045106,            0.010045,            0.014478,            0.007063,            0.007063,            0.007063
                  91,            0.044628,            0.021793,           0.0084098,             0.76618,              0.4209,             0.41215,             0.20774,            0.046602,            0.010779,            0.015083,             0.00703,             0.00703,             0.00703
                  92,             0.04668,            0.020682,             0.01003,              0.8455,             0.47183,             0.46893,             0.21738,            0.046071,           0.0099482,            0.016966,            0.006997,            0.006997,            0.006997
                  93,            0.044653,             0.02043,           0.0098799,             0.80591,             0.46917,             0.48493,             0.26362,            0.044646,           0.0098046,            0.016595,            0.006964,            0.006964,            0.006964
                  94,            0.044065,            0.020644,           0.0082509,             0.73206,             0.44703,             0.43111,             0.23375,            0.043094,           0.0096421,            0.015236,            0.006931,            0.006931,            0.006931
                  95,            0.047427,            0.022028,           0.0084817,             0.74506,             0.42145,             0.42234,              0.2201,            0.044586,           0.0097509,            0.015561,            0.006898,            0.006898,            0.006898
                  96,            0.043233,            0.020839,           0.0062077,             0.82143,             0.48191,             0.46929,             0.25332,            0.043916,           0.0091207,            0.014726,            0.006865,            0.006865,            0.006865
                  97,             0.04681,            0.021159,           0.0079085,             0.80474,             0.48066,             0.47207,             0.26242,            0.044788,           0.0092734,            0.015816,            0.006832,            0.006832,            0.006832
                  98,            0.044829,            0.020225,           0.0087661,             0.83636,             0.42685,             0.47112,             0.23915,            0.045079,           0.0097515,            0.015695,            0.006799,            0.006799,            0.006799
                  99,            0.044125,            0.021025,           0.0094088,             0.78471,              0.4059,             0.42187,             0.23261,            0.045432,            0.010138,            0.014929,            0.006766,            0.006766,            0.006766
                 100,            0.044681,            0.020798,            0.010066,             0.78378,              0.4487,              0.5134,             0.27896,            0.041171,           0.0097543,            0.014991,            0.006733,            0.006733,            0.006733
                 101,            0.043851,            0.020923,           0.0083662,             0.79929,             0.47861,             0.46476,             0.25174,             0.04461,           0.0089549,            0.014774,              0.0067,              0.0067,              0.0067
                 102,            0.044246,            0.020761,           0.0083339,             0.80472,             0.46491,             0.48322,             0.25773,            0.041551,           0.0094012,            0.014574,            0.006667,            0.006667,            0.006667
                 103,            0.044793,            0.020866,           0.0089753,             0.77307,             0.46004,             0.44438,             0.25209,            0.043651,           0.0091214,            0.015412,            0.006634,            0.006634,            0.006634
                 104,            0.043722,            0.021083,            0.010198,             0.84166,             0.47433,             0.49493,             0.26519,            0.042673,           0.0094437,            0.013453,            0.006601,            0.006601,            0.006601
                 105,            0.044229,            0.020991,           0.0085652,             0.79154,             0.46902,             0.46797,             0.23957,            0.044867,           0.0090711,            0.015327,            0.006568,            0.006568,            0.006568
                 106,            0.042115,            0.020963,           0.0087186,             0.87321,             0.45357,             0.53239,             0.28442,            0.040674,           0.0088502,            0.014884,            0.006535,            0.006535,            0.006535
                 107,            0.044122,            0.020757,            0.007541,             0.79441,             0.48178,             0.47965,             0.26485,            0.044789,           0.0088046,            0.015967,            0.006502,            0.006502,            0.006502
                 108,            0.042897,            0.020517,           0.0098173,             0.85383,             0.49799,             0.51912,             0.29601,             0.04122,           0.0090016,            0.015383,            0.006469,            0.006469,            0.006469
                 109,            0.041609,            0.020759,           0.0067031,             0.80832,             0.45731,              0.4658,              0.2544,            0.043501,           0.0092275,            0.013907,            0.006436,            0.006436,            0.006436
                 110,            0.043876,            0.020336,           0.0073066,             0.84819,             0.45813,             0.47126,             0.24692,             0.04584,            0.009382,            0.014958,            0.006403,            0.006403,            0.006403
                 111,            0.042744,            0.020359,           0.0071356,              0.8402,             0.47802,             0.51404,             0.28342,            0.041615,            0.008801,            0.015287,             0.00637,             0.00637,             0.00637
                 112,            0.042993,            0.020175,           0.0077381,             0.87064,             0.51925,             0.52229,             0.28513,            0.043462,           0.0086641,            0.015501,            0.006337,            0.006337,            0.006337
                 113,             0.04073,            0.020444,            0.007865,             0.85377,             0.48493,             0.57243,             0.31975,            0.038904,           0.0085472,            0.015933,            0.006304,            0.006304,            0.006304
                 114,            0.042824,            0.019464,           0.0077706,             0.85015,             0.46736,             0.47982,             0.26257,            0.046224,           0.0088254,            0.014217,            0.006271,            0.006271,            0.006271
                 115,            0.041701,            0.020644,           0.0081101,             0.84501,             0.49466,             0.50825,             0.28342,            0.041379,           0.0088606,            0.014156,            0.006238,            0.006238,            0.006238
                 116,            0.041633,            0.019038,           0.0057187,             0.84663,             0.47469,              0.4892,             0.26412,            0.042518,           0.0081871,            0.015193,            0.006205,            0.006205,            0.006205
                 117,            0.042376,             0.02033,           0.0075834,             0.82343,             0.46829,             0.52787,              0.2819,             0.04072,           0.0084038,            0.014667,            0.006172,            0.006172,            0.006172
                 118,            0.041329,            0.019925,           0.0077213,             0.85955,             0.51247,             0.51685,             0.27622,            0.041993,           0.0084165,            0.013699,            0.006139,            0.006139,            0.006139
                 119,            0.041539,            0.019365,           0.0094933,             0.84079,               0.449,             0.50307,             0.26691,            0.040973,            0.008982,            0.013719,            0.006106,            0.006106,            0.006106
                 120,             0.04252,            0.019492,            0.009425,             0.82611,             0.47668,             0.50641,             0.28728,             0.04242,           0.0083455,             0.01412,            0.006073,            0.006073,            0.006073
                 121,            0.040793,            0.019629,            0.006308,             0.84721,             0.44378,              0.4625,             0.24807,            0.047768,           0.0087468,            0.013788,             0.00604,             0.00604,             0.00604
                 122,            0.040491,            0.019458,           0.0085726,              0.8552,             0.50098,             0.49737,             0.26582,            0.043322,           0.0088529,            0.014782,            0.006007,            0.006007,            0.006007
                 123,            0.039933,            0.019414,           0.0082075,               0.847,               0.492,             0.52529,             0.30339,            0.040897,           0.0080656,            0.015494,            0.005974,            0.005974,            0.005974
                 124,            0.041282,            0.019578,            0.006985,             0.86482,             0.48828,             0.51122,             0.29017,            0.043201,           0.0083681,            0.014661,            0.005941,            0.005941,            0.005941
                 125,            0.040276,            0.019348,           0.0085045,              0.8865,             0.47119,              0.5075,             0.29034,            0.047067,           0.0084776,            0.014469,            0.005908,            0.005908,            0.005908
                 126,            0.041518,            0.019632,           0.0073738,             0.86286,             0.49687,             0.50984,             0.29247,            0.044746,           0.0083215,            0.013321,            0.005875,            0.005875,            0.005875
                 127,            0.041228,            0.020075,           0.0068005,             0.81214,             0.49627,             0.51919,             0.27723,            0.043417,           0.0082173,             0.01672,            0.005842,            0.005842,            0.005842
                 128,            0.040854,            0.019918,           0.0077655,             0.88533,             0.51813,             0.54209,             0.30544,            0.045137,           0.0078798,            0.015115,            0.005809,            0.005809,            0.005809
                 129,            0.039956,            0.019142,           0.0079297,             0.89996,             0.51192,             0.55225,             0.30966,            0.042853,           0.0083109,            0.014557,            0.005776,            0.005776,            0.005776
                 130,            0.041911,            0.019982,           0.0082599,             0.82493,             0.50289,              0.5199,              0.2993,            0.043548,            0.007957,            0.014174,            0.005743,            0.005743,            0.005743
                 131,            0.041614,            0.019336,           0.0058527,             0.88603,             0.52806,             0.54823,             0.32374,            0.039646,           0.0079049,            0.014374,             0.00571,             0.00571,             0.00571
                 132,            0.041206,            0.019567,           0.0062601,              0.8649,              0.5045,             0.58055,              0.3268,            0.040622,           0.0075763,            0.015859,            0.005677,            0.005677,            0.005677
                 133,             0.04062,            0.019903,           0.0075869,             0.86618,             0.53187,             0.54692,             0.30264,            0.041943,           0.0078317,            0.015412,            0.005644,            0.005644,            0.005644
                 134,            0.040669,            0.019353,           0.0063746,             0.88501,             0.49421,             0.55015,             0.31872,            0.040846,            0.007935,            0.015378,            0.005611,            0.005611,            0.005611
                 135,            0.041414,            0.019167,            0.007692,             0.90831,             0.53356,             0.55163,             0.31961,             0.04322,           0.0080001,            0.013477,            0.005578,            0.005578,            0.005578
                 136,            0.039739,              0.0191,           0.0082894,             0.90617,             0.48979,             0.50386,             0.27243,            0.046538,           0.0086175,            0.014943,            0.005545,            0.005545,            0.005545
                 137,            0.039327,            0.019023,            0.006693,              0.8373,             0.51432,             0.60325,             0.35076,            0.039259,           0.0074332,            0.015228,            0.005512,            0.005512,            0.005512
                 138,            0.039504,            0.019776,           0.0073057,             0.90082,              0.5092,             0.55124,             0.30874,            0.044001,           0.0080443,            0.013993,            0.005479,            0.005479,            0.005479
                 139,            0.039212,            0.019057,           0.0086948,             0.88484,             0.51117,             0.54736,             0.32602,            0.042669,           0.0077231,            0.014193,            0.005446,            0.005446,            0.005446
                 140,            0.037048,            0.018253,           0.0060043,             0.90782,             0.50419,              0.5391,             0.31441,            0.042199,           0.0079602,            0.013695,            0.005413,            0.005413,            0.005413
                 141,            0.038215,             0.01884,           0.0066559,             0.90881,             0.54469,             0.57983,             0.33892,            0.039309,           0.0074536,            0.013776,             0.00538,             0.00538,             0.00538
                 142,            0.039252,            0.018729,           0.0074548,             0.87861,              0.4768,             0.55228,             0.33713,            0.041444,           0.0074034,            0.016131,            0.005347,            0.005347,            0.005347
                 143,            0.039244,            0.018392,           0.0066234,             0.89469,             0.49989,             0.57734,             0.33226,            0.041128,           0.0074728,            0.014579,            0.005314,            0.005314,            0.005314
                 144,            0.038391,            0.018984,           0.0065075,             0.89522,             0.53571,             0.56879,             0.33962,            0.040322,           0.0072208,             0.01436,            0.005281,            0.005281,            0.005281
                 145,            0.038241,            0.018323,            0.007828,             0.89006,             0.52602,             0.55414,             0.33426,             0.03855,           0.0072298,             0.01392,            0.005248,            0.005248,            0.005248
                 146,            0.039823,            0.018287,           0.0053538,             0.89145,             0.52602,             0.58615,             0.34374,               0.039,           0.0074101,            0.013405,            0.005215,            0.005215,            0.005215
                 147,            0.039179,            0.017892,           0.0070442,             0.92348,             0.54911,             0.56976,             0.33017,            0.039338,           0.0072084,            0.012912,            0.005182,            0.005182,            0.005182
                 148,            0.038783,            0.018314,           0.0068872,              0.9049,             0.50761,             0.54968,             0.32398,             0.03793,            0.007633,            0.012492,            0.005149,            0.005149,            0.005149
                 149,            0.037484,             0.01845,           0.0073104,             0.87899,             0.51674,             0.52714,             0.31613,            0.041492,           0.0077839,            0.013781,            0.005116,            0.005116,            0.005116
                 150,            0.038589,            0.017909,           0.0067235,              0.8777,             0.52617,             0.55081,             0.32387,            0.038478,           0.0078339,            0.012853,            0.005083,            0.005083,            0.005083
                 151,            0.037756,            0.018806,           0.0063824,             0.87811,             0.53797,             0.57618,             0.32909,            0.037666,            0.007253,             0.01406,             0.00505,             0.00505,             0.00505
                 152,            0.039601,            0.018851,            0.007991,             0.90505,             0.53368,             0.57405,             0.34137,             0.03906,           0.0073783,            0.013057,            0.005017,            0.005017,            0.005017
                 153,            0.038612,             0.01772,           0.0081518,              0.9301,             0.52303,               0.557,             0.33325,             0.03978,           0.0073726,            0.014966,            0.004984,            0.004984,            0.004984
                 154,            0.038957,            0.018206,           0.0064996,             0.89767,             0.51703,             0.62065,             0.36541,            0.040146,           0.0072558,            0.014312,            0.004951,            0.004951,            0.004951
                 155,            0.039185,            0.017671,           0.0076905,             0.92619,              0.5275,             0.63563,             0.37373,            0.039802,           0.0073757,            0.014466,            0.004918,            0.004918,            0.004918
                 156,            0.037573,            0.018927,           0.0070818,             0.91448,             0.51737,             0.58722,             0.32336,            0.038766,           0.0071996,            0.013661,            0.004885,            0.004885,            0.004885
                 157,            0.037574,             0.01772,           0.0074057,             0.89011,             0.51483,             0.54202,             0.32165,             0.03937,           0.0077673,            0.015097,            0.004852,            0.004852,            0.004852
                 158,            0.037159,            0.018253,           0.0059901,             0.91518,              0.5627,             0.59521,              0.3557,            0.039254,           0.0072383,            0.013945,            0.004819,            0.004819,            0.004819
                 159,            0.036587,            0.018255,           0.0067656,               0.903,             0.53997,             0.56889,              0.3316,            0.040238,           0.0077111,            0.013126,            0.004786,            0.004786,            0.004786
                 160,            0.038874,            0.017062,            0.009653,             0.92987,             0.52034,             0.55133,             0.34178,            0.039158,           0.0073134,            0.012838,            0.004753,            0.004753,            0.004753
                 161,            0.038977,            0.018137,           0.0070882,             0.89267,             0.53832,             0.56966,             0.35955,            0.038464,           0.0072306,            0.012817,             0.00472,             0.00472,             0.00472
                 162,            0.038464,            0.018152,           0.0058973,             0.90623,             0.56029,             0.57048,             0.34222,            0.039125,           0.0071949,            0.014288,            0.004687,            0.004687,            0.004687
                 163,            0.036845,             0.01775,           0.0059548,             0.89063,             0.50877,              0.5608,             0.33618,            0.039057,           0.0071947,            0.012214,            0.004654,            0.004654,            0.004654
                 164,            0.036584,            0.017921,           0.0057951,             0.89921,             0.56491,             0.58649,             0.35096,            0.038496,           0.0073336,            0.013127,            0.004621,            0.004621,            0.004621
                 165,            0.038004,            0.017718,           0.0068718,             0.88764,             0.51694,             0.52405,             0.32364,            0.042489,           0.0079816,            0.014462,            0.004588,            0.004588,            0.004588
                 166,            0.036935,            0.017622,           0.0073347,              0.8954,             0.54594,             0.56545,             0.34032,            0.038802,           0.0071689,            0.012468,            0.004555,            0.004555,            0.004555
                 167,            0.037723,            0.018763,           0.0070462,             0.86573,             0.49879,             0.53135,             0.31699,            0.040088,           0.0078593,            0.014104,            0.004522,            0.004522,            0.004522
                 168,            0.039663,             0.01869,           0.0069947,             0.90747,             0.50083,             0.60287,             0.37078,            0.038385,           0.0068184,            0.014225,            0.004489,            0.004489,            0.004489
                 169,            0.038697,            0.017935,           0.0063366,             0.90233,               0.535,             0.57933,             0.35493,            0.038765,           0.0071859,            0.013152,            0.004456,            0.004456,            0.004456
                 170,            0.037249,            0.018246,            0.006043,             0.89744,             0.51025,               0.573,             0.34154,            0.039848,           0.0073308,            0.015053,            0.004423,            0.004423,            0.004423
                 171,            0.036842,            0.017658,           0.0051692,             0.92287,             0.52406,             0.60367,             0.36341,            0.037989,           0.0072112,            0.014226,             0.00439,             0.00439,             0.00439
                 172,            0.035479,            0.017348,           0.0046803,             0.90915,             0.54992,             0.61373,             0.37467,            0.038522,           0.0068657,            0.014273,            0.004357,            0.004357,            0.004357
                 173,            0.036172,            0.017961,           0.0059879,             0.88866,             0.49642,             0.58609,             0.35429,            0.039602,           0.0068717,            0.014317,            0.004324,            0.004324,            0.004324
                 174,            0.035829,            0.017503,           0.0055924,             0.92772,             0.55015,             0.61061,             0.36331,            0.038636,           0.0068467,            0.014352,            0.004291,            0.004291,            0.004291
                 175,            0.036812,            0.017271,           0.0061524,             0.90683,             0.53581,             0.59188,             0.36373,            0.039486,           0.0067876,            0.013975,            0.004258,            0.004258,            0.004258
                 176,            0.038304,            0.018309,           0.0061155,             0.90723,             0.51476,             0.58675,             0.34899,            0.038698,            0.006828,            0.015012,            0.004225,            0.004225,            0.004225
                 177,            0.036563,            0.017298,           0.0063363,             0.87677,             0.54193,             0.60302,             0.37947,            0.039564,           0.0067625,            0.014528,            0.004192,            0.004192,            0.004192
                 178,            0.038593,            0.018338,           0.0065955,             0.93375,             0.51027,             0.63659,              0.4025,            0.037384,           0.0064377,            0.016363,            0.004159,            0.004159,            0.004159
                 179,            0.037191,            0.017316,           0.0069228,             0.90768,                0.51,             0.57583,             0.35779,            0.038298,           0.0067166,            0.013714,            0.004126,            0.004126,            0.004126
                 180,            0.037378,            0.017295,           0.0058928,             0.87256,             0.52366,             0.56036,             0.34498,            0.039643,           0.0068791,            0.013821,            0.004093,            0.004093,            0.004093
                 181,            0.035607,            0.016944,           0.0057224,             0.91351,              0.5178,             0.59603,             0.36776,            0.038451,           0.0065353,            0.014351,             0.00406,             0.00406,             0.00406
                 182,              0.0365,            0.017506,           0.0064796,              0.9243,             0.50334,             0.62293,             0.38939,             0.03911,           0.0065032,            0.015594,            0.004027,            0.004027,            0.004027
                 183,            0.034707,            0.016967,           0.0068512,             0.86107,             0.54172,             0.62046,             0.39795,            0.038942,           0.0065653,            0.014261,            0.003994,            0.003994,            0.003994
                 184,            0.034703,            0.017459,           0.0049834,             0.88618,             0.51356,             0.57484,             0.35403,            0.041552,           0.0069314,            0.013132,            0.003961,            0.003961,            0.003961
                 185,            0.034624,            0.017068,           0.0063073,             0.91817,             0.51912,             0.58655,             0.37228,            0.038545,           0.0067761,            0.013668,            0.003928,            0.003928,            0.003928
                 186,            0.035608,            0.017474,           0.0062963,              0.8815,             0.54445,             0.59251,             0.38155,            0.035818,           0.0067102,            0.014432,            0.003895,            0.003895,            0.003895
                 187,            0.035841,            0.017495,           0.0050774,             0.93641,             0.54656,             0.66095,             0.40823,            0.037215,           0.0063805,            0.014738,            0.003862,            0.003862,            0.003862
                 188,            0.036388,            0.017664,           0.0062181,             0.92881,             0.56514,             0.62463,             0.39788,            0.038143,           0.0064628,            0.014139,            0.003829,            0.003829,            0.003829
                 189,            0.034971,            0.016957,           0.0055032,             0.89934,             0.54462,             0.59329,             0.38281,            0.037612,           0.0066171,            0.016204,            0.003796,            0.003796,            0.003796
                 190,            0.034933,            0.017865,           0.0062541,             0.88444,             0.55578,             0.58789,             0.35489,            0.038957,           0.0070795,            0.013067,            0.003763,            0.003763,            0.003763
                 191,            0.034617,            0.017454,           0.0056343,             0.89504,             0.55607,             0.61249,             0.38054,            0.038988,           0.0065217,             0.01479,             0.00373,             0.00373,             0.00373
                 192,            0.035546,            0.017035,           0.0066612,              0.8936,             0.53992,              0.5783,             0.36543,            0.038839,           0.0068179,            0.014462,            0.003697,            0.003697,            0.003697
                 193,            0.035388,            0.016831,           0.0056306,             0.87683,             0.55342,             0.63259,             0.39094,            0.039256,           0.0064836,            0.014942,            0.003664,            0.003664,            0.003664
                 194,            0.035057,            0.017843,           0.0067861,             0.88861,             0.53939,             0.61638,             0.38482,            0.040296,           0.0066498,            0.015648,            0.003631,            0.003631,            0.003631
                 195,            0.035484,            0.017879,           0.0057143,             0.89549,             0.52823,             0.54625,             0.34618,             0.04102,           0.0070303,             0.01503,            0.003598,            0.003598,            0.003598
                 196,            0.035289,            0.018017,           0.0061908,             0.88762,             0.51097,             0.59754,             0.35688,            0.038863,           0.0065039,            0.015255,            0.003565,            0.003565,            0.003565
                 197,            0.034487,            0.016671,           0.0057956,             0.91406,             0.53101,             0.58987,             0.36292,             0.03807,           0.0065512,             0.01393,            0.003532,            0.003532,            0.003532
                 198,            0.036169,             0.01706,           0.0054432,             0.90294,             0.56101,              0.6056,             0.37678,            0.038032,           0.0065076,            0.015123,            0.003499,            0.003499,            0.003499
                 199,            0.033108,             0.01651,           0.0069161,             0.92065,             0.52102,             0.56718,             0.36689,            0.041397,           0.0067506,            0.015477,            0.003466,            0.003466,            0.003466
                 200,            0.034226,            0.017347,           0.0058118,             0.89036,             0.53138,             0.57753,             0.36457,            0.041176,           0.0066201,            0.016577,            0.003433,            0.003433,            0.003433
                 201,            0.033978,            0.016981,           0.0059904,             0.92897,             0.54712,             0.61917,             0.39057,            0.038792,           0.0064669,            0.016095,              0.0034,              0.0034,              0.0034
                 202,            0.034057,            0.016422,           0.0057788,             0.92861,             0.54216,             0.61857,              0.3936,            0.038391,           0.0064378,             0.01615,            0.003367,            0.003367,            0.003367
                 203,            0.034658,            0.016891,           0.0066394,             0.92149,             0.52161,                0.61,             0.38838,            0.036476,           0.0066108,            0.015597,            0.003334,            0.003334,            0.003334
                 204,            0.033979,            0.016633,            0.005055,             0.90347,             0.56019,              0.5699,              0.3618,            0.038052,             0.00684,            0.013763,            0.003301,            0.003301,            0.003301
                 205,             0.03382,            0.017253,           0.0055494,             0.90591,             0.55357,             0.57872,             0.37647,            0.037824,           0.0065264,            0.014972,            0.003268,            0.003268,            0.003268
                 206,             0.03419,            0.016468,           0.0045554,              0.9222,             0.54208,             0.59257,             0.38954,            0.038243,           0.0065107,            0.016294,            0.003235,            0.003235,            0.003235
                 207,            0.033199,            0.016707,           0.0055335,               0.926,             0.54439,             0.64231,             0.42007,            0.038543,           0.0064144,            0.015619,            0.003202,            0.003202,            0.003202
                 208,            0.034309,            0.016479,           0.0055077,             0.91335,             0.55648,              0.6017,             0.38841,            0.039743,           0.0065411,            0.014125,            0.003169,            0.003169,            0.003169
                 209,            0.034405,            0.016794,            0.006189,              0.8925,             0.57734,             0.59081,             0.37315,             0.03925,           0.0066707,            0.014918,            0.003136,            0.003136,            0.003136
                 210,              0.0344,            0.017224,           0.0055107,             0.93293,             0.52662,             0.57126,             0.37225,            0.041246,           0.0067519,            0.013771,            0.003103,            0.003103,            0.003103
                 211,            0.034647,             0.01729,           0.0059806,             0.90172,              0.5605,             0.64057,             0.41503,             0.03808,            0.006376,            0.013773,             0.00307,             0.00307,             0.00307
                 212,            0.032875,            0.016463,            0.005967,             0.92342,             0.56019,             0.58791,             0.38131,            0.038907,           0.0064727,            0.013798,            0.003037,            0.003037,            0.003037
                 213,            0.033177,            0.016799,           0.0048716,             0.92273,             0.55002,             0.63853,             0.40616,            0.037077,           0.0064182,            0.015211,            0.003004,            0.003004,            0.003004
                 214,            0.033134,            0.016907,           0.0058076,             0.93032,             0.55823,             0.59954,              0.3979,            0.038688,           0.0065952,            0.013307,            0.002971,            0.002971,            0.002971
                 215,            0.034298,            0.016677,           0.0071351,             0.92534,             0.55058,              0.6114,             0.40138,            0.038628,           0.0065514,            0.014706,            0.002938,            0.002938,            0.002938
                 216,            0.034511,            0.016388,            0.005333,              0.9002,             0.55589,             0.57521,             0.35442,            0.039636,           0.0072026,             0.01382,            0.002905,            0.002905,            0.002905
                 217,            0.034266,            0.016355,            0.005403,             0.92279,             0.55617,             0.60601,              0.3951,            0.037872,            0.006595,            0.015302,            0.002872,            0.002872,            0.002872
                 218,            0.034202,            0.016205,           0.0062341,             0.91773,             0.55706,             0.59722,             0.38448,            0.040892,           0.0066149,            0.015299,            0.002839,            0.002839,            0.002839
                 219,            0.032062,            0.016439,           0.0062384,             0.89757,             0.57389,             0.62788,             0.40099,            0.038899,            0.006355,            0.014913,            0.002806,            0.002806,            0.002806
                 220,             0.03202,            0.016431,           0.0052358,             0.93864,             0.55966,             0.60409,             0.37746,            0.040218,           0.0066532,            0.013768,            0.002773,            0.002773,            0.002773
                 221,            0.034613,             0.01631,           0.0052114,             0.94216,             0.55136,             0.58577,             0.36824,            0.039736,           0.0065995,            0.012596,             0.00274,             0.00274,             0.00274
                 222,            0.032299,            0.016302,            0.004235,             0.92745,             0.53856,             0.60808,             0.37291,            0.039476,           0.0066129,            0.014169,            0.002707,            0.002707,            0.002707
                 223,            0.033727,            0.015726,           0.0055821,             0.93436,             0.54201,             0.57015,             0.36825,            0.039553,           0.0065937,            0.013558,            0.002674,            0.002674,            0.002674
                 224,            0.032209,            0.016828,           0.0041006,             0.92512,             0.55217,             0.58725,             0.37578,             0.03947,           0.0064541,            0.013681,            0.002641,            0.002641,            0.002641
                 225,             0.03176,            0.015952,           0.0044781,             0.93847,             0.55578,             0.62895,             0.40138,            0.038456,           0.0064861,             0.01352,            0.002608,            0.002608,            0.002608
                 226,            0.033235,            0.016006,           0.0053881,             0.92283,             0.55001,             0.57824,             0.36949,            0.040467,           0.0065596,            0.013487,            0.002575,            0.002575,            0.002575
                 227,            0.031682,            0.015976,            0.005622,             0.92755,             0.56488,             0.61387,             0.40084,            0.037391,           0.0064444,             0.01331,            0.002542,            0.002542,            0.002542
                 228,            0.032159,            0.015577,           0.0043273,              0.9118,             0.56584,             0.62029,             0.41428,            0.037374,           0.0064193,            0.015544,            0.002509,            0.002509,            0.002509
                 229,            0.032046,            0.016235,           0.0042577,             0.93977,             0.55601,             0.60146,             0.39162,            0.038999,            0.006511,            0.013711,            0.002476,            0.002476,            0.002476
                 230,            0.034247,            0.016514,           0.0054717,             0.94757,             0.55783,             0.59873,              0.3986,            0.038477,            0.006566,            0.013092,            0.002443,            0.002443,            0.002443
                 231,            0.032855,            0.016364,           0.0055395,             0.94344,             0.56932,             0.65721,             0.43254,            0.038337,           0.0062459,            0.015695,             0.00241,             0.00241,             0.00241
                 232,            0.031964,            0.016417,           0.0048095,             0.92447,             0.55062,             0.64916,             0.42292,            0.037299,           0.0064336,            0.014298,            0.002377,            0.002377,            0.002377
                 233,            0.031989,            0.016225,           0.0062836,             0.94509,             0.57804,             0.61832,             0.40938,            0.038135,           0.0063849,            0.014381,            0.002344,            0.002344,            0.002344
                 234,            0.033577,            0.016294,           0.0063958,             0.92005,             0.54055,              0.5753,             0.38066,            0.039231,           0.0066665,            0.015869,            0.002311,            0.002311,            0.002311
                 235,            0.032038,            0.015756,           0.0054764,             0.93913,               0.549,             0.60256,             0.37017,            0.037815,           0.0064877,            0.012995,            0.002278,            0.002278,            0.002278
                 236,            0.031727,            0.016357,           0.0053827,             0.95808,             0.54863,             0.61046,              0.3926,             0.03743,           0.0062853,            0.012906,            0.002245,            0.002245,            0.002245
                 237,            0.030326,            0.015685,           0.0060733,             0.92489,             0.56255,             0.60305,             0.40032,            0.037763,           0.0062303,            0.012842,            0.002212,            0.002212,            0.002212
                 238,            0.032341,            0.016555,            0.007255,             0.91442,             0.55547,             0.59886,             0.38533,            0.039146,           0.0063759,            0.013559,            0.002179,            0.002179,            0.002179
                 239,            0.032316,            0.016353,           0.0049754,             0.95214,             0.52146,             0.61466,             0.40789,            0.039249,           0.0064321,            0.014945,            0.002146,            0.002146,            0.002146
                 240,            0.030567,            0.015875,           0.0045794,             0.93186,             0.55277,              0.6462,             0.42281,            0.037598,           0.0062542,            0.014293,            0.002113,            0.002113,            0.002113
                 241,             0.03114,            0.016367,           0.0064137,             0.91789,             0.54651,             0.60757,             0.39064,            0.039011,           0.0062773,            0.013319,             0.00208,             0.00208,             0.00208
                 242,            0.031333,            0.015628,            0.005628,              0.9361,             0.55819,             0.60484,             0.38651,            0.039664,           0.0064353,            0.013386,            0.002047,            0.002047,            0.002047
                 243,            0.032245,            0.015506,           0.0061849,             0.94222,             0.57153,             0.62234,             0.40677,            0.039099,           0.0063617,            0.012571,            0.002014,            0.002014,            0.002014
                 244,            0.031621,            0.015669,           0.0044521,             0.92724,             0.55327,             0.59465,             0.39159,            0.038929,           0.0064911,            0.014679,            0.001981,            0.001981,            0.001981
                 245,             0.03206,            0.016248,           0.0037092,             0.94068,             0.54287,             0.59872,             0.39863,             0.03868,           0.0064094,            0.014074,            0.001948,            0.001948,            0.001948
                 246,            0.031177,            0.015595,           0.0046504,             0.91222,             0.55783,             0.62978,             0.40877,            0.038287,           0.0063317,            0.013408,            0.001915,            0.001915,            0.001915
                 247,            0.030275,            0.016127,           0.0041471,             0.91106,             0.55763,             0.62781,             0.41015,            0.037717,           0.0063343,            0.013815,            0.001882,            0.001882,            0.001882
                 248,            0.029496,            0.015874,           0.0042393,             0.93477,             0.54334,             0.61129,             0.40005,            0.038821,           0.0063893,            0.013966,            0.001849,            0.001849,            0.001849
                 249,            0.031203,            0.016029,           0.0074469,             0.91905,             0.55801,             0.62381,             0.39262,            0.038452,           0.0065039,            0.015103,            0.001816,            0.001816,            0.001816
                 250,            0.030849,            0.015773,           0.0054711,             0.94274,              0.5656,             0.62546,             0.40894,            0.038837,           0.0063483,            0.015487,            0.001783,            0.001783,            0.001783
                 251,            0.031938,            0.015437,           0.0059585,             0.92967,             0.57044,             0.61593,             0.40475,            0.038586,           0.0064216,            0.014765,             0.00175,             0.00175,             0.00175
                 252,            0.030186,            0.015378,           0.0040382,             0.91937,             0.57153,             0.62883,             0.41194,            0.037963,           0.0063445,            0.013445,            0.001717,            0.001717,            0.001717
                 253,             0.03055,            0.016374,           0.0056368,              0.9183,             0.55931,             0.61022,             0.40617,            0.038811,           0.0064099,            0.013569,            0.001684,            0.001684,            0.001684
                 254,            0.031152,            0.015898,           0.0049487,             0.93613,             0.54429,             0.61644,             0.41389,            0.040377,           0.0063706,            0.014716,            0.001651,            0.001651,            0.001651
                 255,            0.030305,            0.016054,           0.0037994,             0.92477,             0.55563,             0.64332,              0.4274,            0.039335,           0.0061975,            0.015352,            0.001618,            0.001618,            0.001618
                 256,            0.031131,            0.016001,            0.003765,             0.95426,             0.54827,             0.66043,             0.42378,            0.038233,             0.00617,            0.016229,            0.001585,            0.001585,            0.001585
                 257,            0.031196,            0.015722,           0.0043188,              0.9402,             0.55118,             0.64978,               0.425,            0.038541,           0.0062228,            0.016956,            0.001552,            0.001552,            0.001552
                 258,            0.030719,            0.015993,           0.0058716,             0.92032,              0.5405,             0.63638,              0.4062,            0.039314,           0.0062857,            0.015679,            0.001519,            0.001519,            0.001519
                 259,            0.030562,            0.015172,           0.0052704,             0.92226,             0.53044,             0.63986,             0.42259,            0.038808,           0.0062809,             0.01562,            0.001486,            0.001486,            0.001486
                 260,            0.030077,            0.015085,           0.0035535,             0.88626,              0.5447,             0.64845,             0.42615,            0.039123,           0.0062739,            0.015247,            0.001453,            0.001453,            0.001453
                 261,            0.030552,            0.015423,           0.0061459,             0.90619,             0.56932,             0.67068,             0.44655,            0.037695,           0.0060493,            0.015735,             0.00142,             0.00142,             0.00142
                 262,            0.031496,            0.015887,           0.0045589,              0.9427,             0.57846,              0.6844,             0.44931,            0.037164,           0.0059853,            0.015798,            0.001387,            0.001387,            0.001387
                 263,            0.029762,             0.01646,           0.0042195,             0.93273,             0.57153,              0.6376,             0.42349,            0.038294,           0.0061175,            0.014799,            0.001354,            0.001354,            0.001354
                 264,            0.031382,            0.015704,           0.0040788,             0.94365,             0.56615,             0.62273,             0.41437,            0.039091,            0.006262,            0.014139,            0.001321,            0.001321,            0.001321
                 265,            0.030901,            0.015017,           0.0052147,             0.94691,             0.58066,             0.65149,             0.43588,            0.038304,           0.0061979,            0.013469,            0.001288,            0.001288,            0.001288
                 266,            0.031091,            0.016037,           0.0061967,             0.95189,              0.5624,             0.66215,             0.44721,            0.038159,           0.0060843,            0.015154,            0.001255,            0.001255,            0.001255
                 267,            0.031541,            0.015207,           0.0061458,             0.93435,             0.55106,             0.66012,             0.43726,            0.037459,           0.0060547,            0.015383,            0.001222,            0.001222,            0.001222
                 268,            0.028798,            0.015607,           0.0051913,             0.92494,             0.55712,             0.61574,             0.40734,            0.039274,           0.0062832,            0.014457,            0.001189,            0.001189,            0.001189
                 269,            0.030573,            0.015855,            0.003644,             0.93066,             0.54893,               0.616,             0.40267,            0.038817,           0.0062165,            0.014082,            0.001156,            0.001156,            0.001156
                 270,            0.029364,            0.014956,            0.004305,             0.93336,             0.55532,              0.6538,             0.42548,            0.037837,           0.0061169,            0.014817,            0.001123,            0.001123,            0.001123
                 271,            0.029914,             0.01533,           0.0058761,             0.92315,             0.58523,             0.65955,             0.43694,            0.037515,           0.0062617,            0.014896,             0.00109,             0.00109,             0.00109
                 272,            0.030457,            0.015174,           0.0060534,             0.94366,             0.56697,             0.64659,             0.43882,            0.038437,           0.0063879,            0.014161,            0.001057,            0.001057,            0.001057
                 273,            0.029342,            0.014996,           0.0044017,              0.9467,             0.57072,             0.62773,             0.41741,            0.038502,           0.0063988,            0.013986,            0.001024,            0.001024,            0.001024
                 274,            0.029996,             0.01499,           0.0051037,             0.91735,             0.55272,              0.5917,             0.39869,            0.039346,           0.0064174,            0.013627,            0.000991,            0.000991,            0.000991
                 275,            0.031159,            0.015478,           0.0048073,             0.93832,             0.56902,             0.62336,             0.41847,            0.038993,           0.0062937,            0.013873,            0.000958,            0.000958,            0.000958
                 276,            0.028304,            0.015061,           0.0037362,             0.93163,             0.57311,             0.64498,             0.42609,             0.03889,           0.0062061,             0.01322,            0.000925,            0.000925,            0.000925
                 277,            0.029498,             0.01565,           0.0043274,             0.92489,             0.54193,             0.60428,             0.40328,             0.03867,           0.0062306,            0.012813,            0.000892,            0.000892,            0.000892
                 278,            0.030614,            0.015367,           0.0043382,             0.93765,             0.56013,             0.59304,             0.40352,            0.039891,           0.0062761,            0.013029,            0.000859,            0.000859,            0.000859
                 279,            0.029362,             0.01553,           0.0045877,             0.93093,             0.57504,             0.62319,             0.42037,            0.038875,           0.0061631,            0.013803,            0.000826,            0.000826,            0.000826
                 280,            0.030282,            0.014992,            0.004222,             0.94632,             0.55716,             0.67886,             0.44757,            0.037736,           0.0058928,            0.014941,            0.000793,            0.000793,            0.000793
                 281,             0.03028,            0.015411,           0.0037211,              0.9409,             0.56034,             0.67704,             0.44762,            0.037598,           0.0059401,            0.015128,             0.00076,             0.00076,             0.00076
                 282,            0.028851,            0.015393,           0.0041711,             0.94378,             0.55342,             0.63405,             0.43431,             0.03814,           0.0062462,            0.014545,            0.000727,            0.000727,            0.000727
                 283,            0.030047,            0.015305,           0.0052971,             0.92947,             0.54885,              0.6096,             0.41415,            0.038391,           0.0062884,            0.014402,            0.000694,            0.000694,            0.000694
                 284,            0.029488,             0.01523,           0.0050802,             0.93777,             0.56156,              0.6169,             0.41595,            0.039092,           0.0062428,            0.014455,            0.000661,            0.000661,            0.000661
                 285,            0.030669,            0.016133,           0.0058758,             0.92267,             0.55838,             0.61503,              0.4163,              0.0389,           0.0062401,            0.014517,            0.000628,            0.000628,            0.000628
                 286,            0.029659,            0.014904,           0.0044637,             0.93805,             0.56255,             0.61927,             0.41791,            0.038262,           0.0062031,            0.014229,            0.000595,            0.000595,            0.000595
                 287,            0.029683,            0.015372,           0.0048733,             0.93208,             0.55431,             0.63092,             0.43019,            0.038346,           0.0061883,            0.014119,            0.000562,            0.000562,            0.000562
                 288,            0.028438,            0.014972,           0.0052013,             0.92229,             0.55779,             0.63264,              0.4219,            0.038399,           0.0061237,             0.01481,            0.000529,            0.000529,            0.000529
                 289,            0.029545,            0.015934,           0.0057738,             0.93569,             0.57066,             0.63812,             0.43672,            0.038536,           0.0060611,            0.014962,            0.000496,            0.000496,            0.000496
                 290,            0.028917,            0.015238,           0.0040889,             0.93594,             0.56733,             0.64124,             0.43603,            0.038403,           0.0061008,            0.014679,            0.000463,            0.000463,            0.000463
                 291,            0.029025,            0.014796,           0.0063111,             0.93205,             0.56932,             0.64365,             0.42891,            0.038432,           0.0062136,            0.013925,             0.00043,             0.00043,             0.00043
                 292,            0.029471,            0.015123,           0.0044382,             0.93455,             0.56955,             0.62709,              0.4219,            0.038387,            0.006283,            0.013472,            0.000397,            0.000397,            0.000397
                 293,            0.028113,            0.014935,            0.005357,             0.93647,             0.56938,             0.62038,             0.41606,            0.038681,           0.0062733,            0.013586,            0.000364,            0.000364,            0.000364
                 294,            0.028941,            0.015645,           0.0039987,             0.94429,             0.56491,             0.61829,             0.41753,            0.038679,           0.0062543,            0.013691,            0.000331,            0.000331,            0.000331
                 295,            0.029723,            0.015777,            0.005134,             0.92153,             0.56416,             0.61621,             0.41348,            0.038274,           0.0062531,            0.013471,            0.000298,            0.000298,            0.000298
                 296,            0.029186,            0.015237,           0.0053112,             0.93271,             0.55106,              0.6108,             0.40867,             0.03865,           0.0062921,            0.013231,            0.000265,            0.000265,            0.000265
                 297,            0.029049,            0.015011,           0.0045766,             0.93234,             0.56202,              0.6196,             0.41854,            0.038553,           0.0062274,            0.013449,            0.000232,            0.000232,            0.000232
                 298,             0.02811,            0.015445,           0.0041588,              0.9345,             0.56697,             0.63639,             0.42701,            0.038708,           0.0062028,            0.013694,            0.000199,            0.000199,            0.000199
                 299,            0.027735,            0.013925,           0.0046869,             0.92833,             0.56258,             0.63767,             0.42355,            0.038799,           0.0062137,            0.013852,            0.000166,            0.000166,            0.000166
